[
  {
    "id": "5d7c2524-c149-4182-b200-a6e030e83aee",
    "data": [
      {
        "text": "Show me demos!",
        "userDefined": false
      }
    ],
    "isTemplate": false,
    "count": 0,
    "updated": 1507751393
  },
  {
    "id": "bf0daebf-7c5e-4aeb-b2ab-a99e27b6e35f",
    "data": [
      {
        "text": "Show me demos",
        "userDefined": false
      }
    ],
    "isTemplate": false,
    "count": 0,
    "updated": 1507751393
  },
  {
    "id": "d30b7e71-3309-43f8-b548-a60b2187bab4",
    "data": [
      {
        "text": "image",
        "userDefined": false
      }
    ],
    "isTemplate": false,
    "count": 0,
    "updated": 1507652747
  }
]