[
  {
    "id": "715f1f9b-198c-4c76-a5c2-504fb21bd5b8",
    "data": [
      {
        "text": "Docs",
        "userDefined": false
      }
    ],
    "isTemplate": false,
    "count": 0,
    "updated": 0
  },
  {
    "id": "6fd87b4a-ebb3-463c-ad29-6ed86190489c",
    "data": [
      {
        "text": "Show code \u0026 docs",
        "userDefined": false
      }
    ],
    "isTemplate": false,
    "count": 0,
    "updated": 1507751340
  },
  {
    "id": "47e5a3cc-74c6-42a7-8985-474120dd430e",
    "data": [
      {
        "text": "Code",
        "userDefined": false
      }
    ],
    "isTemplate": false,
    "count": 0,
    "updated": 0
  },
  {
    "id": "1d0c4305-edb0-4162-890e-e5408d1a8924",
    "data": [
      {
        "text": "Code and Docs",
        "userDefined": false
      }
    ],
    "isTemplate": false,
    "count": 0,
    "updated": 0
  },
  {
    "id": "d3a1c584-3e2a-4d1d-804f-f95092192d3d",
    "data": [
      {
        "text": "Code \u0026 Docs",
        "userDefined": false
      }
    ],
    "isTemplate": false,
    "count": 0,
    "updated": 0
  }
]