[
  {
    "id": "7ea19b8e-d19e-495c-abd3-efc2d509c6c6",
    "data": [
      {
        "text": "Start over",
        "userDefined": false
      }
    ],
    "isTemplate": false,
    "count": 0,
    "updated": 1507907259
  },
  {
    "id": "6b3e9cb2-e195-4e8d-b350-ae0896cb8fb5",
    "data": [
      {
        "text": "What\u0027s up?",
        "userDefined": false
      }
    ],
    "isTemplate": false,
    "count": 0,
    "updated": 1507243608
  },
  {
    "id": "b3839aa9-d789-4f9a-9c3a-100e57aaf3fd",
    "data": [
      {
        "text": "Hi!",
        "userDefined": false
      }
    ],
    "isTemplate": false,
    "count": 0,
    "updated": 1507243608
  },
  {
    "id": "a7345488-2c39-4fe0-b2dc-4416cf163dc8",
    "data": [
      {
        "text": "Hi",
        "userDefined": false
      }
    ],
    "isTemplate": false,
    "count": 0,
    "updated": 1507243608
  }
]