[
  {
    "value": "sunglasses",
    "synonyms": [
      "sunglasses",
      "aviator sunglasses",
      "glasses",
      "aviator",
      "aviators"
    ]
  },
  {
    "value": "ring",
    "synonyms": [
      "ring",
      "infinity ring"
    ]
  },
  {
    "value": "earrings",
    "synonyms": [
      "earrings",
      "soleste",
      "soleste earrings"
    ]
  },
  {
    "value": "pendant",
    "synonyms": [
      "pendant",
      "infinity pendant"
    ]
  },
  {
    "value": "watch",
    "synonyms": [
      "watch",
      "east",
      "east west",
      "east west mini"
    ]
  }
]